Species	Gene	Code	CDS	Sequence
Tetrastes bonasia	ND1	2	0	ATGACCTCACCTACCTTAACAAATCTTATAACCATAGCTCTATCCTATGTACTCCCCATCCTAATTGCCGTGGCCTTCTTAACACTTGTAGAACGAAAAATTCTCAGTTACATACAGGCCCGAAAGGGCCCAAACATTGTGGGCCCTTTTGGTCTACTCCAACCTATTGCAGACGGGGTTAAACTCTTTATTAAAGAACCTATCCGCCCATCCACCTCCTCCCCCTTTCTATTTATTATAACACCCATTCTAGCTCTACTCCTAGCCCTCACCATTTGAACCCCCCTTCCACTTCCTTTCCCCCTTGCAGACTTAAACCTAGGACTACTATTCCTCCTAGCCATATCAAGCCTAACTGTCTACTCCCTCCTATGATCCGGATGAGCTTCAAACTCCAAGTATGCCTTAATTGGAGCCCTACGAGCTGTCGCCCAAACAATCTCATACGAAGTCACCCTAGCCATCATCCTTCTAGCTACAATTATATTAAGCGGGAATTACACACTAGCCACCCTAGCCACCACTCAAGAACCTATCTACCTCATTCTTCCCTCATGACCTTTAACAATAATATGATTTATCTCCACCCTCGCCGAAACCAACCGAGCCCCATTTGATCTTACAGAAGGGGAATCTGAACTCGTCTCAGGATTTAACGTTGAATATGCTGCCGGACCATTTGCCTTATTCTTCCTGGCCGAATACGCCAACATTATACTCATAAATACACTAACAACCATTCTTTTCCTTAACCCAAGTTTCCTAAACCCCCCATCTCAACTCTTTTCTATTGTACTGGCCACAAAAGTCCTCCTCCTCTCATCCTCATTCCTATGAATTCGAGCCTCATACCCACGATTTCGCTACGACCAACTAATGCACCTCCTATGAAAAAACTTCCTGCCCCTAACCTTAGCCATGTGTCTCTGACATACCAGCATGCCAATTAGCTATGCCGGCCTTCCCCCAATCTAA
Oligoryzomys stramineus	ND1	2	0	GTGTATTTTATCAATATAATAACATTCCTCCTCCCTATTTTAATTGCCATAGCCTTCCTGACATTAGTGGAACGAAAGTTTTTAGGATATATACAACTACGCAAAGGACCTAACATTGTAGGACCATATGGCATCTTCCAACCATTTGCAGATGCTATAAAACTCTTCATTAAAGAACCTCTACGACCCCTAAACACTTCAACAACCCTATTCATTATCGCCCCAACATTATCCCTACTACTAGCCCTATCAATATGAATCCCACTGCCTATACCACACCCCCTAGTAAACTTAAACCTAGGTATTTTATTTATTCTAGCAACATCAAGTCTAGCTGTCTACTCCATCCTATGATCAGGTTGAGCATCAAACTCAAAATATTCAATATTTGGAGCCCTCCGAGCAGTCGCCCAAACCATCTCCTATGAAGTAACCATAGCAATTATCCTACTATCAGTTCTATTAATTAATGGCTCTTTTTCACTACAGTCCCTTATTATTACACAAGAACCCTTATGACTCTTATTAACAACATGACCACTAGCAATGATATGATTTATTTCAACCTTAGCAGAAACCAACCGAGCCCCATTTGATCTAACAGAAGGAGAATCCGAGCTAGTATCAGGCTTCAATGTAGAGTACGCTGCCGGACCATTCGCACTATTTTTCATAGCAGAGTACATAAATATTATCATAATAAATGCTTTAACAACAGTAGTATTCCTAGGCTCCATCCACAACTCCCTACTCCCAGAACTATTTACAACTAGCTTCATAATTAAAACACTACTATTAACATCCATATTCCTATGAATCCGAGCATCCTATCCACGATTCCGATATGACCAACTAATACACCTTTTATGAAAGAATTTCTTACCACTCACACTAGCACTATGTATATGACACATTTCAACCCCAGTATTTATAGCAAATATCCCACCCTATATCT
Scomber scombrus	ND1	2	0	ATGATCAAGCCCCTAGTAGAGTACATTCTAAACCCCCTAGCTTACATCGTACCAGTCCTACTGGCTGTAGCTTTCCTGACCCTTATCGAACGGAAAGTTCTAGGCTATATACAACTACGAAAAGGTCCCAACATCGTCGGACCATACGGCCTCCTCCAACCAATCGCAGACGGAGTTAAACTATTTATTAAAGAACCCGTACGCCCCTCTACAGCTTCCCCCGTTCTCTTCCTCCTAGCCCCCATGCTAGCCCTCACCCTTGCACTCACTCTTTGGTCCCCCATACCCCTCCCACACCCTGTTGTTGACCTTAACCTAGCAATTTTATTTATCCTTGCTATGTCAAGTCTAACGGTTTATTCCATCTTAGGCTCAGGATGAGCATCAAATTCAAAATACGCTCTGATTGGCGCACTACGGGCCGTAGCCCAGACTATTTCTTACGAAGTAAGCCTAGGCCTCATTCTCCTAAACGCAATTATCTTTACAGGGGGATTTACCTTACAAACCTTCAGCACTGCCCAAGAAGCCATCTGACTAATTATCCCAGCCTGACCCCTAGCAGCAATATGATATATTTCTACTCTAGCAGAGACTAACCGAGCCCCCTTCGATCTCACAGAGGGGGAATCTGAACTAGTCTCTGGCTTTAATGTCGAATATGCGGGAGGTCCTTTTGCACTCTTTTTCCTAGCAGAATATGCTAACATTCTCCTCATGAATACCCTTTCCGCCATGCTTTTCCTAGGCGCCTCTCATATCCCCGCAATGCCCGCTCTTACGACAGCTAACCTAATGATTAAAGCGGCTCTCCTCTCAATGGTATTCCTATGAGTCCGAGCCTCCTACCCACGATTTCGATACGATCAGCTCATGCACCTCATCTGAAAAAACTTCCTCCCCCTCACCCTAGCCTTAGTAATTTGACATCTCGCCCTCCCCATTGCATTTGCAGGCCTACCACCTCATCTGTAA
Balaenoptera physalus	ND1	2	0	ATGTTTATAATTAACATTCTAACACTCATTCTCCCCATCCTCCTAGCCGTAGCATTCCTAACGCTAGTAGAACGCAAAATTCTAGGCTATATGCAGTTCCGAAAGGGGCCAAACATCGTAGGCCCACATGGCTTACTCCAACCCTTTGCCGATGCAATTAAATTATTCACTAAAGAACCCCTACGGCCAGCTACATCCTCAACTACTATGTTTATCATTGCACCAGTACTAGCCCTAACCCTGGCCCTCACTATATGAAGCCCCCTACCCATACCATACCCCCTCATTAACATAAACCTAGGAGTATTATTCATATTAGCAATATCCAGCCTAGCCGTCTACTCCATCCTATGATCAGGCTGAGCCTCCAACTCAAAATACGCACTAATTGGAGCCCTACGAGCAGTAGCACAAACAATCTCATATGAGGTAACACTAGCCATTATCCTCCTATCAGTACTCCTAATAAACGGCTCCTACACCTTATCAACATTAGCCACAACACAAGAACAACTATGATTACTATTCCCATCATGACCCTTAGCCATAATGTGATTCATCTCCACCCTAGCAGAAACTAATCGAGCTCCTTTTGATCTAACAGAGGGAGAATCAGAACTCGTATCAGGCTTCAACGTAGAATATGCAGCAGGCCCTTTCGCCCTATTCTTCCTGGCAGAATACGCCAACATCATTATAATGAATATACTCACAGCCATTTTATTCCTAGGAACATTCCACAACCCTCATAACCCAGAATTGTACACAGCAAACCTTATTATCAAGACACTACTACTCACAATATCCTTCCTATGAATTCGAGCATCCTACCCCCGATTCCGATATGACCAACTAATACACCTACTCTGAAAAAATTTCCTTCCCTTAACACTAGCCCTTTGCATATGACATATCTCATTACCAATCATAACTGCAAGTATCCCCCCTCAAACATAA
Leucoraja naevus	ND1	2	0	ATGTTAAAAACCATTATTACTCAAATTATTCACCCTCTAACCTACATTATTCCAGTACTACTAGCCACAGCATTCTTAACCCTAGTGGAACGAAAGATCCTGGGCTACATGCAACTTCGAAAAGGCCCCAATGTTGTAGGCCCCTATGGACTCCTCCAACCTATCGCTGACGGCTTAAAACTCTTTACTAAAGAGCCAGTACGCCCATCACACTCCTCCCACTTTCTCTTTCTAGTAACCCCCACAGCAGCCCTAACCTTGGCCCTACTCATATGAATACCCCTACCGCTACCACATTCCCTCCTTAACCTCAATTTAGGCCTATTGTTTATCTTAGCCATCTCCAGCTTAACCGTCTACACCATCCTGGGCTCCGGCTGGGCCTCCAACTCTAAATATGCTCTAATAGGGGCACTACGCGCCGTAGCACAAACCATCTCCTATGAGGTCACCTTGGGCCTAATCTTACTATCCTTGGTTATTATAACAGGGGGCTTCACACTACACACATTCAATTTTACCCAAGAAACAATCTGACTTATCATCCCAGCTTGACCACTCGCCATAATATGGTATATCTCAACCCTAGCAGAAACTAACCGAGCCCCATTTGATCTGACTGAAGGAGAATCAGAACTAGTCTCTGGATTTAACATTGAATACGCAGGAGGACCATTCGCCCTATTCTTCCTAGCCGAGTACTCCAATATTTTAATAATAAACACGCTATCCACCATCCTCTTCATAGGTATCTCTTATAATCCATCATTTCCTCAAATTTCAACACTAAGCCTTATAATCAAGGCAGCCATATTAACCCTTCTATTCCTATGAATTCGCGCCTCCTACCCACGATTCCGCTACGACCAACTCATACATCTAGTATGAAAAAACTTCCTACCCCTCACATTAGCCCTTATTCTATGACACATCACCTTACCAACCTCCATAGCAAGCCTCCCCCCCCTCACCTAA
Mantella baroni	ND1	2	0	ATGACCACCCTACTCTACATGCTTGTTACCCTTCTCTATATTGCCCCAATCTTACTTGCAGTCGCATTTTTAACCTTAATTGAACGTAAAGTACTAGGTTATATACAACACCGAAAGGGTCCCAACATTGTGGGCCCATATGGACTTCTACAACCAATCGCTGACGGATTAAAACTATTCATTAAAGAACCAATCCGACCATCAACCTCCTCTCAACTTTTATTTATTATTGCACCAACTACAGCACTTACCCTGGCTATAACTATGTGAATCCCCCTTCCACTTCCTATTGCCCAATCTGACTTAAACCTCGGACTTCTATTTATCCTAGCTATTTCTAGTCTAACTGTTTTCACAATTTTAGGTTCAGGTTGAGCATCTAATTCTAAATACGCTTTAATTGGAGCCATTCGAGCCGTAGCCCAAACTATTTCCTACGAAATTACCTTCGCCCTCATCATCCTTTGCACTGTTCTATTAGTTGGTGGTTTTACATTATCAGTCTTTAATACAGCACAACAATACATTTGACTTATTATCCCAACTTGACCATTAGCCCTTCTACTCTTTGTTTCAACACTTGCAGAAACAAATCGAGCCCCCTTTGATTTAACAGAAGGTGAATCAGAACTTGTTTCTGGGTTTAACGTTGAATACGCTGCTGGACCATTCGCCTTATTTTTCCTAGCAGAGTACGCAAACATCATCATAATAAATACACTAACAACCATCATTTTTTTAGGGTCTATTTGACCAATTACCACATTCACAACCGCCTTACTAATAACAAAAGCCTCTTGCCTAACTGTTTGTTTTCTATGAGTACGAGCTTCTTACCCCCGTTTCCGATATGATCAACTCATGCACCTCTGCTGAAAAAATTTTTTACCTATCACTCTTGCCTTCATCATTTTCTATATCATACTTCCTACTACCCTTATTATTACACCCCCAATTTCTTAA
Oxynoemacheilus angorae	ND1	2	0	ATGCTAAACACTCTCCTCACCCACCTTATTAACCCCCTCGCGTACATTGTGCCAGTTCTACTAGCAGTAGCATTCCTCACATTAATTGAGCGAAAAGTCCTTGGTTATATACAACTCCGTAAAGGCCCAAACATTGTTGGACCATACGGACTACTACAACCCATTGCTGATGGTGTTAAACTCTTTATTAAGGAGCCAATCCGACCCTCGACATCCTCCCCCTTTTTATTCCTGGCGACCCCCATATTAGCACTAACTCTAGCTATAACCCTTTGAGCACCTATACCCATACCTCACCCCGTGACAGATCTTAACCTAGGCGTCATGTTTATTCTAGCCCTCTCCAGCCTGGCCGTGTACTCAATTCTGGGCTCAGGGTGGGCGTCAAACTCAAAATATGCGCTAATTGGTGCCCTCCGGGCCGTAGCTCAGACGATTTCATATGAGGTAAGCCTGGGTTTAATTTTACTCTCAGTTATTATCCTCTCCGGGGGTTACACCCTTCAGACCTTTAATGTTACCCAAGAAGGTGTCTGGCTATTAATCCCCGCCTGGCCTCTAGCCGCAATGTGGTATATTTCCACACTGGCAGAAACAAACCGAGCACCCTTTGATTTAACTGAGGGTGAGTCTGAACTTGTCTCAGGCTTTAACGTAGAATATGCTGGAGGGCCTTTCGCACTATTTTTCCTTGCTGAATACGCAAACATTCTTCTAATAAACACCCTGTCTGCCGTACTTTTCCTTGGAGCCTCCCACACGCCTGCCATCCCCGAACTAACAACAGTGAACCTCATGGCTAAAGCTGCTCTTCTGTCCATAGTATTTTTATGAGTTCGAGCCTCGTACCCTCGGTTCCGGTATGACCAGCTCATGCACCTCGTGTGAAAAAATTTCCTCCCCCTAACACTAGCTCTGGTTCTTTGACATACCGCCCTGCCCATCGCATTGGCGGGGCTCCCCCCGCAATTGTAA
Epigonichthys maldivensis	ND1	5	0	GTGGTAAATTTAATTCATATCTTATTATACTTTGCTCCTGTCCTATTGGCTGTGGCGTTTTTGACTTTGACAGAGCGCAAAGTAATTGGTTATGTTCAGCTTCGTAAGGGTCCGAATGTAGTAGGACCCTACGGGTTGTTGCAGCCGTTCGCGGACGCCGTGAAATTGTTTGTTAAGGAGCCAATCAACCCTTCGTTCTCAATTACTAGTTTATTCTTCTTTGCTCCCATTTTAGCCTTGAGTCTGGCGTTGTTACTTTGGACACCAATCCCGGTTTTAGAGTCTTTTATCGAGTTAAACTTTGCAGTTCTTTTCGTTCTTGCAATTTCTAGCTTGTCTGTATACTCGATTATAGCTTCTGGCTGATCTTCAAACTCAAAGTATGCTTTGCTAGGTGCTTTACGTGCAGTTGCACAAATAGTTTCGTATGAAGTAAGCCTTGGACTAATCATTTTAAGATTGGTGTGCCTTGTAGGGAGATTTAGACTAATTCAGTTCGTTTTTACGCAGGAGGGGACAATGTTGATTTTAAGCTGTTGGCCATTAGCGATCATATGGTTTATTTCAACCGTAGCAGAAACAAACCGATCTCCTTTTGACCTTACAGAGGGGGAGTCTGAGTTAGTATCTGGGTTCAACGTAGAGTATTCAGGGGGCCCATTCGCGTTGTTTTTCTTGGCAGAGTATGCTAATATCTTATTTATAAATATATTGACCGTTATTTTGTTTTTATCCTATTATTTAAGTTTGCTGAGCCTAGTTTCCCAAGGGGGAGTTCTAATTGGTATATATTTGTGGTTTCGTGCATCGTACCCCCGATTTCGATACGATCAATTAATGCATTTAGCATGAAAGAGATTCTTGCCTTTAAGCTTAGGTTTGCTTCTAATGAATTTAGCATTACCTTTGGTTTTTAGCGGCCTGGGTGGGGTAAATT
Anguilla celebesensis	ND1	2	0	ATGAACACTATCCTTACTCACATCATTAATCCTCTAGCATACATTGTCCCAGTACTTCTAGCCGTCGCATTCCTAACACTTCTAGAACGAAAAGTATTAGGATATATACAACTACGAAAAGGACCAAACATCGTCGGACCATACGGCCTCCTTCAACCAATCGCTGACGGAGTAAAACTATTCATCAAAGAACCAGTACGCCCTTCAACCGCATCCCCATTCCTATTTCTAGCTACCCCAACCCTTGCACTAACCCTCGCCCTAACACTATGAGCCCCAATACCAATACCTTATCCAGTAGTAGAACTTAACCTAGGAATTTTATTCGTCCTAGCCCTATCAAGCCTCGCAGTATATTCAATCCTAGGATCAGGATGAGCTTCAAACTCCAAATACGCTCTAATTGGGGCCCTACGTGCCGTAGCCCAAACAATCTCATATGAAGTAAGCCTAGGCCTAATTCTTCTCTCAATTATTATTATCGTAGGGGGATTCAACCTAAAAACATTTAACATCGCACAAGAAGCAACATGACTAATAGCCCCAGCCTGACCACTAGCAGCAATATGATACATCTCAACACTAGCTGAAACAAACCGAGCCCCATTTGACCTCACAGAAGGAGAATCAGAATTAGTATCTGGTTTCAATGTAGAATATGCAGGAGGACCATTTGCCCTATTTTTCCTAGCCGAATACTCAAACATTCTACTAATAAATACACTATCAACAATCCTATTCTTAGGAGCAATACACACCCCACTAATTCCAGAACTAACAACAATAAACCTAATAATAAAAGCAACTATACTATCCATCATATTCTTATGAGTACGAGCCTCTTACCCACGATTTCGATACGACCAGCTAATGCATTTAATATGAAAAAACTTCCTTCCACTAACCCTAGCCCTACTTATCTGAAACCTAGCCTTACCCATTACCATGGCAGGCCTCCCCCCAAACAACTAA
Tragelaphus imberbis	ND1	2	0	ATGTTTATAATCAATACTCTAATACTTATTATTCCTATTTTACTAGCCGTAGCATTCCTCACACTAGTAGAACGAAAAGTCTTAGGCTACATACAATTCCGAAAAGGCCCTAATGTTGTAGGCCCATACGGTCTACTCCAGCCCATCGCCGACGCAATTAAACTTTTCACCAAAGAACCGCTACGCCCTGCTACATCCTCAACATCAATATTTATTTTAGCACCTATTCTAGCTTTAAGCCTAGCCCTCACAATATGAATCCCTCTACCCATACCTTATCCTCTAATCAATATAAACCTAGGAGTCCTATTTATATTAGCTATATCAAGTTTAGCTGTATATTCCATCCTTTGATCAGGATGGGCTTCCAACTCAAAATATGCACTAATTGGAGCCCTACGAGCAGTAGCACAAACAATCTCGTATGAAGTGACACTGGCAATCATCTTATTATCAGTACTCTTAATAAATGGGTCCTTCACTCTATCCACACTAATTATTACACAAGAACAAGTATGACTAATCTTCCCTGCATGACCTCTAGCAATAATATGATTTATCTCAACACTGGCAGAAACAAACCGAGCTCCCTTTGACCTCACTGAAGGGGAATCAGAACTAGTATCAGGCTTTAATGTAGAATACGCAGCAGGACCCTTCGCCCTATTCTTCATAGCAGAGTACGCAAACATTATTATAATAAATATCTTCACAACAACCCTATTCCTAGGGGCATTCCACAGCCCATATATGCCAGAACTATACACAATTAACTTCACCATTAAATCCTTGCTACTAACAATCTCCTTCCTGTGAATCCGAGCTTCCTATCCTCGATTCCGCTATGACCAACTAATACACCTTCTGTGAAAAAATTTCCTACCCCTAACACTAGCCCTATGTATATGACATGTGTCAATGCCCATTCTCCTATCAGGCATCCCACCACAAACATAA
