	OrganismName	GenName	ProteinID	Strand	TranslatedAminoAcids	GenBankAminoAcids
0	Isoperla bilineata	ND2	YP_009503497.1	1.0	MFNNPTKLLFLMTLMSGTLIAVSANSWFGAWIGLEINLLSFIPLMTNPNNLLSSEASLKYFLTQALASATLLFTVILSSLISSFPNSLLIENSFLSILINSSLLLKMGAAPFHFWFPGVMEGLNWMNSLILMTWQKIAPLMLLSYNLTMNTFTAIIIIVSVLIGSLGGLNQTSLRKILAYSSINHLGWLIAALALGENLWNMYFVMYSFLSSVIIFILQTFKLFHINQIFSMNFTSPLVKFAIFTSFLSLGGLPPFIGFLPKWIIIQSMVEANLILLISTMVVLTLLTLFYYLRLTFGAFMMTYSETLWNTTYTQNNFMQILALSLSMISTLGLVLCSLLFHIF	MFNNPTKLLFLMTLMSGTLIAVSANSWFGAWIGLEINLLSFIPLMTNPNNLLSSEASLKYFLTQALASATLLFTVILSSLISSFPNSLLIENSFLSILINSSLLLKMGAAPFHFWFPGVMEGLNWMNSLILMTWQKIAPLMLLSYNLTMNTFTAIIIIVSVLIGSLGGLNQTSLRKILAYSSINHLGWLIAALALGENLWNMYFVMYSFLSSVIIFILQTFKLFHINQIFSMNFTSPLVKFAIFTSFLSLGGLPPFIGFLPKWIIIQSMVEANLILLISTMVVLTLLTLFYYLRLTFGAFMMTYSETLWNTTYTQNNFMQILALSLSMISTLGLVLCSLLFHIF
1	Isoperla bilineata	COX1	YP_009503498.1	1.0	ILPRQWLFSTNHKDIGTLYFIFGAWSGMVGTSLSLLIRAELGQPGSLIGDDQIYNVIVTAHAFVMIFFMVMPIMIGGFGNWLVPLMLGAPDMAFPRMNNMSFWLLPPSLTLLLASSLVENGAGTGWTVYPPLSAGIAHAGASVDMAIFSLHLAGVSSILGAVNFITTVINMRSSGMTLDRMPLFVWAVAITALLLLLSLPVLAGAITMLLTDRNLNTSFFDPAGGGDPILYQHLFWFFGHPEVYILILPGFGLISHIVSQESGKKEAFGSLGMIYAMLSIGLLGFVVWAHHMFTVGMDVDTRAYFTSATMIIAVPTGIKIFSWLATLHGSQLNYSPALLWALGFIFLFTIGGLTGVVLANSSVDIILHDTYYVVAHFHYVLSMGAVFAIMAGFIQWYPLFTGLTMNPLWLKIQFTIMFIGVNMTFFPQHFLGLAGMPRRYSDYPDAYTAWNVVSSVGSTISLIGVLFLIFIIWESMITNRVALFPLQMTSSIEWYQNLPPAEHSYAELPILTGSYGGESHNS	MLPRQWLFSTNHKDIGTLYFIFGAWSGMVGTSLSLLIRAELGQPGSLIGDDQIYNVIVTAHAFVMIFFMVMPIMIGGFGNWLVPLMLGAPDMAFPRMNNMSFWLLPPSLTLLLASSLVENGAGTGWTVYPPLSAGIAHAGASVDMAIFSLHLAGVSSILGAVNFITTVINMRSSGMTLDRMPLFVWAVAITALLLLLSLPVLAGAITMLLTDRNLNTSFFDPAGGGDPILYQHLFWFFGHPEVYILILPGFGLISHIVSQESGKKEAFGSLGMIYAMLSIGLLGFVVWAHHMFTVGMDVDTRAYFTSATMIIAVPTGIKIFSWLATLHGSQLNYSPALLWALGFIFLFTIGGLTGVVLANSSVDIILHDTYYVVAHFHYVLSMGAVFAIMAGFIQWYPLFTGLTMNPLWLKIQFTIMFIGVNMTFFPQHFLGLAGMPRRYSDYPDAYTAWNVVSSVGSTISLIGVLFLIFIIWESMITNRVALFPLQMTSSIEWYQNLPPAEHSYAELPILTGSYGGESHNS
2	Isoperla bilineata	COX2	YP_009503499.1	1.0	MATWANLSLQDSASPMMEQLTFFHDHALLILIMITTLVSYVMATMFFNPFINRFLLDGQTIEMIWTILPAVTLVFIALPSLRLLYLLDEVSDPALTLKTIGHQWYWSYEYSDFMSVEFDSYMVPYHEMNSDGFRLLDVDNRAVLPMNTQVRMLVTAADVLHSWTVPALGVKVDATPGRLNQTSFLLSRPGLFFGQCSEICGANHSFMPIVIESVPTGTFINWISSVSEA	MATWANLSLQDSASPMMEQLTFFHDHALLILIMITTLVSYVMATMFFNPFINRFLLDGQTIEMIWTILPAVTLVFIALPSLRLLYLLDEVSDPALTLKTIGHQWYWSYEYSDFMSVEFDSYMVPYHEMNSDGFRLLDVDNRAVLPMNTQVRMLVTAADVLHSWTVPALGVKVDATPGRLNQTSFLLSRPGLFFGQCSEICGANHSFMPIVIESVPTGTFINWISSVSEA
3	Isoperla bilineata	ATP8	YP_009503500.1	1.0	VPQMAPISWLGLFFAFSVILLIFNCANYYSFLPQTPDSQEKSIFQTPMNWKW	MPQMAPISWLGLFFAFSVILLIFNCANYYSFLPQTPDSQEKSIFQTPMNWKW
4	Isoperla bilineata	ATP6	YP_009503501.1	1.0	MMTNLFSVFDPSTSIMNLSLNWSSTVLGLLLIPSLYWFMPSRYTLIWNKIMLTLHNEFKTLLGPTGHLGSTFMFISLFSLILFNNFLGLFPYIFTSSSHLTLTLALALPLWLSFMVYGWINHTQHMFAHLVPQGTPAVLMPFMVCIETISNVIRPGTLAVRLAANMIAGHLLLTLLGNTGPSLTYSILSLLIVAQIALLVLESAVAIIQSYVFAVLSTLYASEVN	MMTNLFSVFDPSTSIMNLSLNWSSTVLGLLLIPSLYWFMPSRYTLIWNKIMLTLHNEFKTLLGPTGHLGSTFMFISLFSLILFNNFLGLFPYIFTSSSHLTLTLALALPLWLSFMVYGWINHTQHMFAHLVPQGTPAVLMPFMVCIETISNVIRPGTLAVRLAANMIAGHLLLTLLGNTGPSLTYSILSLLIVAQIALLVLESAVAIIQSYVFAVLSTLYASEVN
5	Isoperla bilineata	COX3	YP_009503502.1	1.0	MSTHANHPYHLVDQSPWPLTGAIGALVTVSGLVKWFHHYDMSLLSLGLLITSLTMLQWWRDITREGTFQGLHTYPVTLGLRWGMILFIISEVFFFLSFFWAFFHSSLAPACELGAMWPPAGIIPFNPLQIPLLNTAILLASGVTVTWAHHGLMESNHTQSLQGLFFTVILGIYFTILQAYEYIEAPFAISDAVYGSTFYVATGFHGLHVIIGTTFLLVCLIRHSLYHFSANHHFGFEAAAWYWHFVDVVWLFLYISIYWWGS	MSTHANHPYHLVDQSPWPLTGAIGALVTVSGLVKWFHHYDMSLLSLGLLITSLTMLQWWRDITREGTFQGLHTYPVTLGLRWGMILFIISEVFFFLSFFWAFFHSSLAPACELGAMWPPAGIIPFNPLQIPLLNTAILLASGVTVTWAHHGLMESNHTQSLQGLFFTVILGIYFTILQAYEYIEAPFAISDAVYGSTFYVATGFHGLHVIIGTTFLLVCLIRHSLYHFSANHHFGFEAAAWYWHFVDVVWLFLYISIYWWGS
6	Isoperla bilineata	ND3	YP_009503503.1	1.0	ILTLMMIACIIITLSAVVMTLASILSKKSIIDREKSSPFECGFDPKSSSRLPFSLRFFLIAVIFLIFDVEIALLLPMIVILPLSNLTIWVLVSSFFLAILLIGLYHEWNQGALEWAE	MLTLMMIACIIITLSAVVMTLASILSKKSIIDREKSSPFECGFDPKSSSRLPFSLRFFLIAVIFLIFDVEIALLLPMIVILPLSNLTIWVLVSSFFLAILLIGLYHEWNQGALEWAE
7	Isoperla bilineata	ND6	YP_009503507.1	1.0	IFHSITLICSTLISLIFTQMNHPLAMGLMLLIQTLCICLLTGFMTQSFWFSYILFLVFLGGLLVLFIYVTSLASNEMFSLSTATLFMATTLFMTCLTLILLIDPLPYLINCMNADMMDTSMINFYYEEASLSLTKLYNQPTGLITLMLVLYLFLTLIAVVKITCIFFGPLRQKN	MFHSITLICSTLISLIFTQMNHPLAMGLMLLIQTLCICLLTGFMTQSFWFSYILFLVFLGGLLVLFIYVTSLASNEMFSLSTATLFMATTLFMTCLTLILLIDPLPYLINCMNADMMDTSMINFYYEEASLSLTKLYNQPTGLITLMLVLYLFLTLIAVVKITCIFFGPLRQKN
8	Isoperla bilineata	CYTB	YP_009503508.1	1.0	MNKPMRINHPLFKIANNALVDLPAPVNISAWWNFGSLLGLCLGVQIVTGLFLAMHYTAHVDLAFNSVAHICRDVNYGWLLRTLHANGASFFFICLYLHTGRGMYYGSYMFTPTWMIGVIILFLVMGTAFMGYVLPWGQMSFWGATVITNLLSAVPYLGVDLVQWVWGGFAVDNATLTRFFTFHFVLPFIVAAAVLIHLLFLHQTGSNNPLGLNSDVDKIPFHPYFTFKDIVGFLVLIMILTMLTLLEPYLLGDPDNFIPANPLVTPVHIQPEWYFLFAYAILRSIPNKLGGVIALVLSIAILLILPFSNKSNFRGMQFYPINQIMFWSLLVIVILLTWIGARPVEDPYILVGQILTVLYFLYYILNPLMFKIWDQILD	MNKPMRINHPLFKIANNALVDLPAPVNISAWWNFGSLLGLCLGVQIVTGLFLAMHYTAHVDLAFNSVAHICRDVNYGWLLRTLHANGASFFFICLYLHTGRGMYYGSYMFTPTWMIGVIILFLVMGTAFMGYVLPWGQMSFWGATVITNLLSAVPYLGVDLVQWVWGGFAVDNATLTRFFTFHFVLPFIVAAAVLIHLLFLHQTGSNNPLGLNSDVDKIPFHPYFTFKDIVGFLVLIMILTMLTLLEPYLLGDPDNFIPANPLVTPVHIQPEWYFLFAYAILRSIPNKLGGVIALVLSIAILLILPFSNKSNFRGMQFYPINQIMFWSLLVIVILLTWIGARPVEDPYILVGQILTVLYFLYYILNPLMFKIWDQILD
