	OrganismName	GenName	GenID	TranslatedAminoAcids	GenBankAminoAcids
0	Inia geoffrensis	ND1	NP_944711.1	MFMVNTLMLTLPILMAVAFLTLVERKTLGYMQLRKGPNVVGPYGLLQPFADAIKLFTKEPLRPATSSTTMFILAPGLALTLALTMWTPLPMPHSLVDMNLGVLFMLAMSSLAVYSILWSGWASNSKYALIGALRAVAQTISYEVTLAIILLSVLLMNGSFTLSTLATTQEQMWLILPSWPLAMMWFISTLAETNRAPFDLTEGESELVSGFNVEYAAGPFALFFLAEYANIIMMNMFTTILFLSPSHNPHTPELYTMNLIAKTLLLTMVFLWIRASYPRFRYDQLMHLLWKSFLPLTLAFCMWHISLPIMTASIPPQT	MFMVNTLMLTLPILMAVAFLTLVERKTLGYMQLRKGPNVVGPYGLLQPFADAIKLFTKEPLRPATSSTTMFILAPGLALTLALTMWTPLPMPHSLVDMNLGVLFMLAMSSLAVYSILWSGWASNSKYALIGALRAVAQTISYEVTLAIILLSVLLMNGSFTLSTLATTQEQMWLILPSWPLAMMWFISTLAETNRAPFDLTEGESELVSGFNVEYAAGPFALFFLAEYANIIMMNMFTTILFLSPSHNPHTPELYTMNLIAKTLLLTMVFLWIRASYPRFRYDQLMHLLWKSFLPLTLAFCMWHISLPIMTASIPPQT
1	Inia geoffrensis	ND2	NP_944712.1	INPLIFTILLMTLILSTMIVITSSHWLFAWIGLEINTMAIIPIMMKTPSPRATEASTKYFLTQATASALLMLAITINLMHSGQWTIMKLIDPTASILMTTALAIKLGLSPFHFWVPEVTQGVPLTTGLILLTWQKIAPISILYQISSSINLHLMLLLSLLSILIGGWGGLNQTQLRKMMAYSSIAHMGWMTTILVYNPTLTLLNLMIYMTMTFTMFMLLIQNSATNLLTLSQTWNMTPITTTLIMLTLLSMGGLPPLTGFVPKWIIIQELTKNNTIVLPTLMATMALLNLYFYMRLAYSTALTTLPSTNNMKMKWQFHPTKRMTLLPTTTVLSTMLLPLTPTLLTLL	MNPLIFTILLMTLILSTMIVITSSHWLFAWIGLEINTMAIIPIMMKTPSPRATEASTKYFLTQATASALLMLAITINLMHSGQWTIMKLIDPTASILMTTALAIKLGLSPFHFWVPEVTQGVPLTTGLILLTWQKIAPISILYQISSSINLHLMLLLSLLSILIGGWGGLNQTQLRKMMAYSSIAHMGWMTTILVYNPTLTLLNLMIYMTMTFTMFMLLIQNSATNLLTLSQTWNMTPITTTLIMLTLLSMGGLPPLTGFVPKWIIIQELTKNNTIVLPTLMATMALLNLYFYMRLAYSTALTTLPSTNNMKMKWQFHPTKRMTLLPTTTVLSTMLLPLTPTLLTLL
2	Inia geoffrensis	COX1	NP_944713.1	MFMDRWLFSTNHKDIGTLYLLFGAWAGMVGTGLSMLIRAELGQPGTLIGDDQIYNVLVTAHAFVMIFFMVMPIMIGGFGNWLVPLMIGAPDMAFPRLNNMSFWLLPPSFLLLMTSSVIEAGAGTGWTVYPPLAGNLAHAGASVDLTIFSLHLAGVSSILGAINFITTIINMKPPAMTQYQTPLFVWSILVTAVLLLLSLPVLAAGITMLLTDRNLNTTFFDPAGGGDPILYQHLFWFFGHPEVYILILPGFGMVSHIVTYYSGKKEPFGYMGMVWAMISIGFLGFIVWAHHMFTVGMDVDTRAYFTSATMIIAIPTGVKIFSWLATLHGGNIKWSPALMWALGFIFSFTVGGLTGIILANSSLDIVLHDTYYVVAHFHYVLSMGAVFAIMGGFVHWFPLFSGYTLNPTWAKIHFVVMFVGVNMTFFPQHFLGLSGMPRRYSDYPDAYTMWNTISSMGSFISLTAVMLMIFIIWEAFASKREVLAVELTTTNLEWLNGCPPPYHTFEEPVYINLKRS	MFMDRWLFSTNHKDIGTLYLLFGAWAGMVGTGLSMLIRAELGQPGTLIGDDQIYNVLVTAHAFVMIFFMVMPIMIGGFGNWLVPLMIGAPDMAFPRLNNMSFWLLPPSFLLLMTSSVIEAGAGTGWTVYPPLAGNLAHAGASVDLTIFSLHLAGVSSILGAINFITTIINMKPPAMTQYQTPLFVWSILVTAVLLLLSLPVLAAGITMLLTDRNLNTTFFDPAGGGDPILYQHLFWFFGHPEVYILILPGFGMVSHIVTYYSGKKEPFGYMGMVWAMISIGFLGFIVWAHHMFTVGMDVDTRAYFTSATMIIAIPTGVKIFSWLATLHGGNIKWSPALMWALGFIFSFTVGGLTGIILANSSLDIVLHDTYYVVAHFHYVLSMGAVFAIMGGFVHWFPLFSGYTLNPTWAKIHFVVMFVGVNMTFFPQHFLGLSGMPRRYSDYPDAYTMWNTISSMGSFISLTAVMLMIFIIWEAFASKREVLAVELTTTNLEWLNGCPPPYHTFEEPVYINLKRS
3	Inia geoffrensis	COX2	NP_944714.1	MAYPLQLGLQDATSPVMEELLQFHDHALMVVFLISSLVLYIITLMLTTKLTHTSTMDAQEVETIWTILPALILILIALPSLRILYMMDEVNDPSLTVKTMGHQWYWSYEYTDYEDLNFDSYMIPTQNLKPGELRLLEVDNRMVLPMQMTIRVLISSEDVLHSWAVPSLGLKTDAVPGRLNQTTLMSTRPGLFYGQCSEICGSNHSLMPIVLELVPLENFEKWSTSMT	MAYPLQLGLQDATSPVMEELLQFHDHALMVVFLISSLVLYIITLMLTTKLTHTSTMDAQEVETIWTILPALILILIALPSLRILYMMDEVNDPSLTVKTMGHQWYWSYEYTDYEDLNFDSYMIPTQNLKPGELRLLEVDNRMVLPMQMTIRVLISSEDVLHSWAVPSLGLKTDAVPGRLNQTTLMSTRPGLFYGQCSEICGSNHSLMPIVLELVPLENFEKWSTSMT
4	Inia geoffrensis	ATP8	NP_944715.1	MPQLNTSTWLLTISPMLLTLFTLLQLKLSKHFYLPSPKPTLTELQKQKTPWNNTWTKIYLPPSQPL	MPQLNTSTWLLTISPMLLTLFTLLQLKLSKHFYLPSPKPTLTELQKQKTPWNNTWTKIYLPPSQPL
5	Inia geoffrensis	ATP6	NP_944716.1	MNENLFAPFTAPMMLGIPMTPLIIMLPIMLFPMPDRLINNRLISIQQWTTKLLLKQLMKMHNPKGQTWALMLTTLILFIASTNLLGMLPYSFTPTAQLSMNLGMAIPLWAGAVSMGFRNKTKMSLAHFLPQGTPTLLIPMLVIIETISLFIQPMALAVRLTANITAGHLLLHLIGSATLALTKISLLMTPITFTILTLLTILEFAVALIQAYVFTLLVSLYMHDNT	MNENLFAPFTAPMMLGIPMTPLIIMLPIMLFPMPDRLINNRLISIQQWTTKLLLKQLMKMHNPKGQTWALMLTTLILFIASTNLLGMLPYSFTPTAQLSMNLGMAIPLWAGAVSMGFRNKTKMSLAHFLPQGTPTLLIPMLVIIETISLFIQPMALAVRLTANITAGHLLLHLIGSATLALTKISLLMTPITFTILTLLTILEFAVALIQAYVFTLLVSLYMHDNT
6	Inia geoffrensis	COX3	NP_944717.1	MTHQTHPYHMVNPSPWPLTGAFSALFMASGLTMWFHSNSVILLSLGLMTNMLTMYQWWRDIIRESTFQGHHTPTVQKGLRYGMILFILSEVLFFTGFFWAFYHSSLAPTPELGGSWPPTGIYPLNPLEVPLLNTSVLLASGVSITWAHHSLMEGDRKHALQALFITITLGLYFTLLQASEYYEAPFTISDGVYGSTFFVATGFHGLHVIIGSTFLIICFIRHMKFHFTSTHHFGFEAAAWYWHFVDVVWLFLYVSIYWWGS	MTHQTHPYHMVNPSPWPLTGAFSALFMASGLTMWFHSNSVILLSLGLMTNMLTMYQWWRDIIRESTFQGHHTPTVQKGLRYGMILFILSEVLFFTGFFWAFYHSSLAPTPELGGSWPPTGIYPLNPLEVPLLNTSVLLASGVSITWAHHSLMEGDRKHALQALFITITLGLYFTLLQASEYYEAPFTISDGVYGSTFFVATGFHGLHVIIGSTFLIICFIRHMKFHFTSTHHFGFEAAAWYWHFVDVVWLFLYVSIYWWGS
7	Inia geoffrensis	ND3	NP_944718.1	MNLLLTLLTNTTLALLLMLMAFWFPQLNTYAEKISPYECGFDPMGSARLPFSMKFFLVAITFLLFDLEIALLLPLPWAIQTNNLKVMLTTALFLISLLAASLAYEWTQKGLEWDK	MNLLLTLLTNTTLALLLMLMAFWFPQLNTYAEKISPYECGFDPMGSARLPFSMKFFLVAITFLLFDLEIALLLPLPWAIQTNNLKVMLTTALFLISLLAASLAYEWTQKGLEWDK
8	Inia geoffrensis	ND4L	NP_944719.1	MTLIHMNIFMAFTMSLTGFLMYRSHLMSALLCLEGMILSLFILVTLTVLNLHLTLAKMMPIILLVFAACEAAIGLALLVKISNTYGTDYVQNLNLLQC	MTLIHMNIFMAFTMSLTGFLMYRSHLMSALLCLEGMILSLFILVTLTVLNLHLTLAKMMPIILLVFAACEAAIGLALLVKISNTYGTDYVQNLNLLQC
9	Inia geoffrensis	ND4	NP_944720.1	MLKFVIPTIMLMPLTWLSKNKFIWINTTTHSLLISFTSLLMLNQTHTNTTNYSLMFFSDSLSTPLLILTMWLLPLMLTASQLHLKKETPTRKKLYITMLIVLQTLLIMTFTATELILFYITFEATLIPTLIIITRWGNQAERLNAGLYFLFYTLMGSLPLLVALMYLQNTLGSLNFLLLQYWTKPLSISWSNMILWLACMMAFLVKMPLYGLHLWLPKAHVEAPIAGSMVLAAVLLKLGGYGMLRITSILNPLTENMAYPFLMLSLWGMIMTSSICLRQTDLKSLIAYSSVSHMALVITAILIQTPWSHMGAVALMVAHGLTSSVLFCLANSNYERTHSRTMILARGLQILLPLMATWWLLAGLMNLALPPTINLVGELLVITSTFSWSKPTIILMGMNIVITALYSLYMLIMTQRGKNTPHINNLIPSSTREHALMALHIIPLLLLSLKPQIILGPLY	MLKFVIPTIMLMPLTWLSKNKFIWINTTTHSLLISFTSLLMLNQTHTNTTNYSLMFFSDSLSTPLLILTMWLLPLMLTASQLHLKKETPTRKKLYITMLIVLQTLLIMTFTATELILFYITFEATLIPTLIIITRWGNQAERLNAGLYFLFYTLMGSLPLLVALMYLQNTLGSLNFLLLQYWTKPLSISWSNMILWLACMMAFLVKMPLYGLHLWLPKAHVEAPIAGSMVLAAVLLKLGGYGMLRITSILNPLTENMAYPFLMLSLWGMIMTSSICLRQTDLKSLIAYSSVSHMALVITAILIQTPWSHMGAVALMVAHGLTSSVLFCLANSNYERTHSRTMILARGLQILLPLMATWWLLAGLMNLALPPTINLVGELLVITSTFSWSKPTIILMGMNIVITALYSLYMLIMTQRGKNTPHINNLIPSSTREHALMALHIIPLLLLSLKPQIILGPLY
10	Inia geoffrensis	ND5	NP_944721.1	MNLLIPLTLLTLLTLITPIMMSTTDIYKSNKYLHYAKNMTLYAFITSLIPMMVFMYTNQETLISNWHWTTIQTLKLTLSFKLDYFSLTFMPVSLFITWSIMEFSTWYMSSDPHINQFMKYLLIFLTTMLILVTANNLFQLFIGWEGVGIMSFLLISWWFGRTDANTAALQAILYNRIGDIGLLTSMAWFLVNTNTWDLQQMITLNLNTPNLPLMGLVLAAAGKSAQFGLHPWLPSAMEGPTPVSALLHSSTMVVAGVFLLIRFHPLMENNKPIQTMILTLGALTTLFTALCALTQNDIKKIIAFSTSSQLGLMMVTIGLNQPHLAFLHICMHAFFKAMLFLCSGSIIHNLNNEQDIRKMGGLYKILPFTTTALITGCLALTGMPFLTGFYSKDLIIETATSSYTNAWALLLTLITTSLTAMYSTRIIFFTLLGQPRFPPLMNINETNPMLINSIKRLLTGSIFTGFFLLNSLPPMITPVTTTPLYLKLTALIMTISGFILAFDINTFTQNLKHPHPSNFTNFSALLGYFPTIMHRLPPHLGLTMSQKLATSLLDLAWTETILPKTVALAQLKASTLISNQKGLIKLYFLTLLITIILTMAMLNHPE	MNLLIPLTLLTLLTLITPIMMSTTDIYKSNKYLHYAKNMTLYAFITSLIPMMVFMYTNQETLISNWHWTTIQTLKLTLSFKLDYFSLTFMPVSLFITWSIMEFSTWYMSSDPHINQFMKYLLIFLTTMLILVTANNLFQLFIGWEGVGIMSFLLISWWFGRTDANTAALQAILYNRIGDIGLLTSMAWFLVNTNTWDLQQMITLNLNTPNLPLMGLVLAAAGKSAQFGLHPWLPSAMEGPTPVSALLHSSTMVVAGVFLLIRFHPLMENNKPIQTMILTLGALTTLFTALCALTQNDIKKIIAFSTSSQLGLMMVTIGLNQPHLAFLHICMHAFFKAMLFLCSGSIIHNLNNEQDIRKMGGLYKILPFTTTALITGCLALTGMPFLTGFYSKDLIIETATSSYTNAWALLLTLITTSLTAMYSTRIIFFTLLGQPRFPPLMNINETNPMLINSIKRLLTGSIFTGFFLLNSLPPMITPVTTTPLYLKLTALIMTISGFILAFDINTFTQNLKHPHPSNFTNFSALLGYFPTIMHRLPPHLGLTMSQKLATSLLDLAWTETILPKTVALAQLKASTLISNQKGLIKLYFLTLLITIILTMAMLNHPE
11	Inia geoffrensis	CYTB	NP_944723.1	MTNIRKTHPLMKILNNALIDLPTPSNISSWWNFGSLLGLCLIIQILTGLFLAMHYTPDTLTAFSSVAHICRDVNYGWLIRYLHANGASMFFICLYIHIGRGLYYGSHTSQETWNIGVLLLLMVMATAFMGYVLPWGQMSFWGATVITNLLSAIPYIGTTLVEWVWGGFSIDKATLTRFFALHFILPFIITALVTVHLLFLHETGSNNPTGIPSNMEKIPFHPYYTIKDILGALLLVSVLLTLTLFAPDLLGDPDNYTPANPLNTPTHIKPEWYFLFAYAILRSIPNKLGGVLALLLSILILIFIPMLQTAKQRSMMFRPLSQLLFWILLTDLLTLTWIGGQPVEHPYIIMGQLASILYFLLILVLMPIASLIENKLLKW	MTNIRKTHPLMKILNNALIDLPTPSNISSWWNFGSLLGLCLIIQILTGLFLAMHYTPDTLTAFSSVAHICRDVNYGWLIRYLHANGASMFFICLYIHIGRGLYYGSHTSQETWNIGVLLLLMVMATAFMGYVLPWGQMSFWGATVITNLLSAIPYIGTTLVEWVWGGFSIDKATLTRFFALHFILPFIITALVTVHLLFLHETGSNNPTGIPSNMEKIPFHPYYTIKDILGALLLVSVLLTLTLFAPDLLGDPDNYTPANPLNTPTHIKPEWYFLFAYAILRSIPNKLGGVLALLLSILILIFIPMLQTAKQRSMMFRPLSQLLFWILLTDLLTLTWIGGQPVEHPYIIMGQLASILYFLLILVLMPIASLIENKLLKW
